local_date,geometric_mean_daily_mean_nm,geometric_std_daily_mean_nm,geometric_mean_smallest_25pct_daily_mean_nm,geometric_mean_smallest_50pct_daily_mean_nm,geometric_mean_smallest_75pct_daily_mean_nm,geometric_std_smallest_25pct_daily_mean_nm,geometric_std_smallest_50pct_daily_mean_nm,geometric_std_smallest_75pct_daily_mean_nm
2023-01-18,55.945574976425966,2.1667874536447824,24.531194554434883,35.4779931306839,47.11335363166277,1.6997499979204602,1.8741874951455328,1.998539532617081
2023-01-19,41.778434094455505,2.250600694782204,17.783125016424393,22.051791701051926,32.509671321621646,1.5323194364706676,1.7253958351082272,2.040458334816827
2023-01-20,40.536519226712215,1.9234494789136827,32.3222917980618,35.00434046321445,37.58481409826944,1.716000007258521,1.8207430591185887,1.8743255825929863
2023-01-21,66.18582284450531,2.0161979157063694,58.095361179775665,61.63452781571282,63.636254681481255,1.8652083277702332,1.9168620685051228,1.9653410142467869
2023-01-22,79.82348950703938,2.041430557353629,60.946513917711044,63.39344448513455,71.17155544846146,1.7650694499413173,1.9060277831223276,1.9856405571309104
2023-01-23,68.75451394584444,2.1395972217950554,39.63422226905823,48.78215290440453,56.959416698526454,1.7828333311610751,1.9090486094355583,2.0185138941914946
2023-01-24,62.04028136200375,2.222579857127534,50.85061115688748,55.32199311256409,58.51298630679095,2.102479443158189,2.151337923674748,2.1868240662195064
2023-01-25,78.65247579415639,2.0345034727619753,52.33981959025065,56.12491668595208,67.83975468741522,1.823069441649649,1.877229166527589,1.9458156692267563
2023-01-26,48.03106258312861,2.089829867084821,37.061847448349,41.18366679880354,44.929657450428714,1.8898194465372298,1.9514375030994415,2.01472685624052
2023-01-27,42.92031351282206,2.0162682952781172,33.734152687920464,37.8643610742357,40.24558130308639,1.7649041038669953,1.8595972168776724,1.9454139515411022
2023-01-28,58.61239581637912,2.182819447169701,37.572652657826744,44.41056932343377,49.12087949117025,2.067250001761648,2.098750002682209,2.1323842654625573
2023-01-29,64.69925701618195,2.0714548635813923,39.63229152891371,49.99692357911004,55.65252786212497,1.917694456047482,1.9804861115084753,2.0251620378759174
2023-01-30,57.14997581640879,1.8891562504900827,43.08950010935465,47.04244457350837,51.81198164268776,1.667930555012491,1.742638888458411,1.81740277895221
2023-01-31,67.85488932520461,2.091352939605713,51.6711371434878,57.21844148307011,63.35922584006314,1.9927162157522667,2.024544214715763,2.059266969629003
2023-02-01,70.28715322408111,2.2198536620322837,60.064527458614776,64.34822212325201,67.13490691074105,2.0580833355585733,2.1161597255203457,2.1570790723312734
2023-02-02,66.9740973578559,2.1701458361413746,55.60013877020942,60.022152953677704,63.58860672844781,2.028555562098821,2.0961824365564294,2.1325509272239827
2023-02-03,61.55893027408613,2.2250383290679614,51.26801382170783,54.86555543210771,57.99664179779762,2.010138895776537,2.1047241375364107,2.1639767436094064
2023-02-04,65.61710423893399,2.186871528211567,50.45066658655802,57.02597925398085,61.57431482385706,2.0844583262999854,2.1249863031792313,2.152912041103398
2023-02-05,44.1523507171207,1.9406770832008786,31.92637496524387,38.027812507417465,41.147555580845584,1.8348108095091742,1.8831959439290535,1.9095622125309184
2023-02-06,60.949861102634,2.0847673647933536,42.83472220102946,51.07659024662442,56.01080089145236,1.9379861089918349,1.9793013758855322,2.034069448709488
2023-02-07,41.99199646049075,1.9719652831554413,38.18969429863824,39.45514578289456,40.38191196653578,1.8786805586682425,1.918643838738742,1.9467409123073924
2023-02-08,52.1012952460183,2.0264027710590096,42.17502790027194,45.66602087020874,48.59338426589966,1.945236110024982,1.9667013858755429,1.9897407365066033
2023-02-09,57.02400680383047,2.0385868098172875,42.53977754380968,46.85379163424174,51.251166573277224,1.7983888884385426,1.9074589038548404,1.9755370368560154
2023-02-10,37.33167244914517,1.9270627166336007,26.974152750439114,29.626756919754875,32.289497685986895,1.5675479451270953,1.6682361124290361,1.806265119064686
2023-02-11,47.81776734193166,2.0476527789400683,37.72456926769681,40.911979092492,43.447217535089564,1.9363472246461444,1.975222222507,2.003783411144661
2023-02-12,46.28866324159834,2.0820798604852624,28.702958318922256,36.661277797487045,41.83562958682025,1.9378333406315909,1.9994246608590427,2.0411712952234127
2023-02-13,61.825729224416946,1.9829027739663918,50.69455544153849,55.2779999838935,58.81685647258052,1.879055553012424,1.91090277582407,1.9423842546012666
2023-02-14,51.04657989740372,2.001184025572406,24.43093048201667,34.92022213670943,44.04597682423062,1.760777771472931,1.8594374971257315,1.936852530949676
2023-02-15,70.75992369651794,2.2638645788861647,49.3729444609748,55.2898055712382,62.998541796648944,2.0651249902115927,2.1383194385303392,2.192435179043699
2023-02-16,64.59586813714769,2.3173020829757056,41.7055139541626,45.70768737792969,52.73733799545853,2.0102499988343983,2.110770829849773,2.2115370344232628
2023-02-17,42.68844607150513,2.069714283278595,31.640083471934002,35.16703489091661,37.53618151642556,1.8071527828772862,1.9137847282820277,1.9807906999144442
2023-02-18,44.47885409990946,2.0903229196038513,39.23506938086616,41.30188194910685,42.79157405429416,2.01745834449927,2.0367862117701563,2.060087561607361
2023-02-19,42.853406223985886,2.0150347207155495,34.45986114607917,38.224618024296234,40.796569409193815,1.9370958870404387,1.9547517250324118,1.9761759257978864
2023-02-20,72.25975684324901,1.9946597230931122,55.32856957117716,62.65397228135003,67.77892125094378,1.7530555609199736,1.8543655198195885,1.9155324084891214
2023-02-21,65.11549649135672,1.980068340147142,44.85398559570312,52.33774813645178,57.495173050807075,1.5604225380319945,1.7913884850714703,1.903258369870163
2023-02-23,52.00311812427309,2.139357636372248,33.94980549812317,40.08748609489865,46.12069904362714,1.8885000050067902,1.9666250000397365,2.0480691211014848
2023-02-24,51.21244255092501,2.046087110914835,42.318000157674156,46.0009446144104,48.4762140140977,1.85305555164814,1.9265416686733563,1.9963425955286733
2023-02-25,83.64203458362155,1.9426562446686957,70.7703332901001,76.08389578925238,80.11272670604565,1.8513611091507807,1.8951586164277174,1.9204884745558286
2023-02-26,85.69792022969987,2.0627742947803602,62.462500201331245,73.49885418679979,79.59608810919302,1.8771388911538653,1.959648268798302,2.0123749916200286
2023-02-27,34.35811114311218,1.9280277726550896,20.446916633182102,24.13618055979411,30.156736144313104,1.6962133312225343,1.7589583322405815,1.8418018416874968
2023-02-28,34.90982289446725,1.8339270845883422,26.28847228156196,28.627333336406284,31.491731493561357,1.5918055590656068,1.7122986126277182,1.767703703156224
2023-03-01,34.30821524063746,1.9731423573361502,25.547958347532486,27.716256896654766,30.863564747351187,1.818813336690267,1.8583680565158527,1.9129814803600311
2023-03-02,52.904006991121506,2.0255520890156427,43.51002764701843,47.51974300543467,50.37502778900994,1.8652638892332714,1.9304097261693742,1.968717599356616
2023-03-03,46.36379101052101,2.241114975268002,22.959708346260918,28.05137504471673,36.91870239612668,1.8598472244209714,2.0266736067003674,2.1479674372562143
2023-03-04,54.082781275113426,2.1123680517905288,42.09722216924032,45.733354250590004,49.056763878575076,1.95452777047952,1.9907986066407628,2.0466728062124298
2023-03-05,57.07171520921919,2.0765208332902856,41.591180642445885,47.79393749766879,53.21905551133332,1.891780823877413,1.9444513842463493,2.011930872767752
2023-03-06,71.83855901824103,2.0860763991044626,56.699638790554474,62.481326527065704,67.78263431125217,1.9448513646383543,1.9949514046311378,2.0383750150601068
2023-03-07,85.87862831354141,2.4089236102170415,73.66131965319316,79.11120140552521,82.91313408922267,2.2566388845443726,2.3121103352513805,2.360166664476748
2023-03-08,100.23137140274048,2.2657048598759704,76.87070804172092,86.4780830277337,93.3060785929362,2.0590410836755413,2.104381942914592,2.1718518518739276
2023-03-09,98.83322225014369,2.170736107561323,75.26612491077847,83.28893739647336,91.36961582854941,1.916944444179535,2.007229165898429,2.0705161237496936
2023-03-10,74.51689491405354,2.307790211447469,48.74177760548062,60.605859863174544,66.50399515561968,1.9214246681291762,2.0809580471132185,2.200316283314727
2023-03-11,77.68934022055731,2.190611112448904,62.6152082019382,66.55220815870497,72.19692120728669,2.0197499924235873,2.0767986145284443,2.1226481519363545
2023-03-12,70.45919105079439,2.4475763920280666,39.35493063926697,48.52774316734738,60.4652917208495,2.236616454712332,2.291344839951088,2.3552870419290333
2023-03-13,41.17204855548011,2.2818333336876497,36.863833003573944,37.9951041009691,39.3581851500052,2.0565555575821133,2.122819446027279,2.191166663059482
2023-03-14,61.83922231197357,2.1240451340046196,48.22804143693712,51.670673582288956,56.62699083045677,1.9999305523104138,2.036173612707191,2.076064513575646
2023-03-15,73.02242000897725,2.0170625005331306,64.65047200520833,68.35308323966132,70.65150451660156,1.8418219154828215,1.8936666655871603,1.9532592567028824
2023-03-16,71.74097584353552,2.1551354138387575,48.763291941748726,58.54777799712287,64.63770387790821,1.8946575301967254,1.9673124998807907,2.0399722192022534
2023-03-17,35.37511454025904,2.0245763858159385,22.482999960581463,26.750298539797466,30.51965278166312,1.87045205129336,1.9297916624281142,1.9715462934087824
2023-03-18,47.91166314151552,2.3417881872091026,24.880597352981567,32.507798658476936,39.08554164568583,2.1062083227766886,2.194673593673441,2.2685833225647607
2023-03-19,42.51527074972788,2.1644201328357062,27.78594430287679,35.05445827378167,39.084518397295916,1.9309726120674446,2.0281736105680466,2.097791664026402
2023-03-20,57.31138891643948,2.00353124530779,52.165638870663116,54.13333331214057,55.48606484024613,1.9517777777380414,1.970201385517915,1.986137610509855
2023-03-21,64.27996857961018,2.193315966261758,48.48601383633084,55.954687383439804,60.578773004037366,1.9336266644795737,1.9917241376021813,2.084529951420797
2023-03-22,46.093670063548615,2.1962083354592323,31.46605560514662,37.73877769046359,42.33679619541875,2.018541670507855,2.1222986148463354,2.169163638895208
2023-03-23,84.0255776903621,2.161757783493781,65.64897249822747,71.73803453116581,77.6140366655341,1.8278356121010977,1.9701586197162497,2.0737142848529024
2023-03-24,94.02012742113308,2.158522967736207,75.44271850585938,81.92114827330683,86.36433057964973,1.8574366149768022,1.990922530771981,2.074962264524316
2023-03-25,60.37664932012558,2.229906251447068,40.22413897514343,48.06836113664839,54.44163883173907,2.0876111172967486,2.1424791721834078,2.1758472240633435
2023-03-26,65.03545821375317,2.189958338108328,35.43243045277066,43.078326212035286,56.296999781220045,2.043875002198749,2.0830344857840704,2.122212968490742
2023-03-27,71.23495825794008,2.203993053899871,38.29774986373054,50.897833148638405,60.7309721575843,1.97908334268464,2.050493058231142,2.1148333339779466
2023-03-28,84.81913896401723,1.9861006943715944,67.25956943300035,73.26633334159851,79.11610167114823,1.7894444465637207,1.8509724148388567,1.9106712959430836
2023-03-29,68.66302434603374,2.2391458286179438,58.191541565789116,60.83738883336385,63.14612505171034,2.04623610774676,2.144427577380476,2.194550454069715
2023-03-30,87.1823194026947,1.9862951387961705,77.84788905249701,81.25467342800565,84.127865685357,1.895833334989018,1.9193750015563436,1.9444120371783222
2023-03-31,53.01674569026934,2.0626132413485325,23.14630561404758,26.9571805662579,38.5363348938698,1.7745555573039584,1.9025069442060258,1.9792744226233905
2023-04-01,47.521406319406296,2.228006945302089,28.023722171783447,34.59474309285482,39.66338897634436,1.8840972267919116,2.002750001847744,2.09295370457349
2023-04-02,56.613305608431496,2.119322915044096,47.22848606109619,50.68098606003655,53.25425928610343,2.006369865103944,2.036090279618899,2.075202768299437
2023-04-03,50.91618398825327,1.9876840276022751,36.15990267859565,38.594874911838104,43.459180461035835,1.5807638847165637,1.721854166024261,1.8690138862088874
2023-04-04,78.31879171397951,2.2914999971787133,36.502180602815415,56.42122921678755,69.15963435173035,2.0725833343134985,2.1536388860808477,2.212995366917716
2023-04-05,35.76277780532837,2.0093298620647855,18.696541627248127,20.445159713427227,26.3750139342414,1.559736117720604,1.6643263912863202,1.850407408343421
2023-04-06,53.27178457048204,2.1318263850278325,30.36188883251614,35.28881939252218,40.63897212346395,1.840013884835773,1.9444513817628224,2.0482580628812586
2023-04-07,68.01945653111262,2.0316585381271945,35.454805347654556,45.20707635084788,55.33182331351347,1.7476944476366043,1.8569513940148883,1.9426990769527577
2023-04-08,85.19350688325034,1.8915381907588906,49.0460831589169,56.92919430467818,73.04512038937321,1.6801710489549135,1.7294689597754642,1.812069441985201
2023-04-09,85.45245819621616,1.8495104105936155,69.77434709337022,74.8093262778388,79.34554160082781,1.741874994503127,1.7726736068725586,1.7997407377869994
2023-04-11,59.29658693737454,2.1337118003931312,47.01048617892795,51.016312546200226,55.176310256675436,1.9648194395833545,2.0268767116820974,2.072833333302427
2023-04-12,63.012288212776184,2.1438923527797065,47.659444385104706,53.03719449043274,58.86500462779292,2.0118749936421714,2.0575902644130917,2.091402769088745
2023-04-13,59.7156980170144,2.1488611097964974,45.24018038643731,50.70327774683634,55.761990776768435,2.0367777860826917,2.0805724185088583,2.109879630031409
2023-04-14,58.6523950416725,2.045146855441007,47.50386097696092,51.447867133400656,54.88910743677727,1.7670694440603256,1.8660139904155597,1.9556495363467208
2023-04-18,66.6262186633216,1.9087187494668696,53.40451372994317,56.265659756130646,60.90999984741211,1.8016111072566774,1.8244166630837653,1.8598842560141176
2023-04-19,58.47609016630385,2.2139131960769496,40.39294417699178,47.60163187980652,53.8626897599962,1.9878333426184125,2.0745972303880587,2.142371562095957
2023-04-20,34.7026527457767,1.961222222281827,20.7841666009691,23.09017352263133,25.56771292509856,1.7496388885709975,1.8011041680971782,1.869134259444696
2023-04-21,31.750871093431,1.965362371883326,23.040694342719185,25.845118006070454,28.54470699221589,1.7519452000317508,1.8309379281668827,1.8988425952416879
2023-04-22,40.37440280781852,2.253545140226682,26.53406940566169,29.578604181607563,33.969458429901685,1.9849305649598439,2.0746551826082427,2.156617516196818
2023-04-25,65.50072210364871,1.9520729184150696,59.33691671159532,61.523763789070976,63.37688419553969,1.8356712289052466,1.8614999966488943,1.9105277767887823
2023-04-26,78.79912854565515,1.9207673594355583,66.04299974441528,72.25977762540181,75.59302314122517,1.8189999990993075,1.8368835612519148,1.8588240748202358
2023-04-27,86.49579175313313,1.9532569477127657,74.00879202948676,77.2633056640625,82.54975011613634,1.841808221111559,1.874308222777223,1.9152546331838325
2023-04-28,81.08134846571015,2.1822543538821284,62.67612470520867,70.70509011215634,76.64766055262366,1.8930694543653064,2.040602745258645,2.111883721795193
2023-04-29,55.24756927622689,2.222111105091042,30.953180604510838,41.644096571823646,49.685912497032625,2.0021944443384805,2.092076384358936,2.163749991743653
2023-04-30,34.15240981181463,1.8573020775285032,19.60238899124993,22.374222331576878,28.519055675577235,1.556890407653704,1.6146041626731555,1.7611527724398508
2023-05-01,33.16805557409922,1.7479374984072313,23.813638925552368,27.689444409476387,30.26409262197989,1.5956666751040354,1.6114217732228389,1.6353750041237585
2023-05-02,39.42566308048036,1.7272326375047367,27.675680451922947,31.632243037223816,34.75498606540538,1.6164722243944805,1.6419724152005952,1.6716064799714971
2023-05-03,50.29390626483493,1.8553159708778064,39.56090286042955,43.214145845837066,46.671648219779684,1.6874722159571118,1.7287241343794197,1.7871203681936971
2023-05-04,86.96061437659793,1.812065971808301,72.90902747048273,80.10684016015794,84.14169878429837,1.7492876673397952,1.769110342551922,1.7885601846156296
2023-05-05,101.07960983435866,1.8723031369651235,86.74387507968478,93.1270694202847,97.36743259873501,1.6087638901339636,1.687048611541589,1.773591742603057
2023-05-06,57.4099652700954,2.068645830783579,36.760680490069916,41.819666769769455,49.421527783075966,1.6019863102534047,1.744736111826367,1.9273009289194036
2023-05-07,62.246343824598526,2.2796145781046815,38.61286110348172,46.29304173257616,52.3015139191239,1.8587083237038717,2.073305546409554,2.1894999924633236
2023-05-08,56.28117705716027,2.1740833367738457,28.975847085316975,39.960145711898804,47.22020829165423,1.7286527819103665,1.881354168885284,2.0462962968481913
2023-05-09,93.11205901039972,2.076072914732827,50.97193055682712,64.90011819203694,78.29365733817771,1.8976351377126333,1.9654513878954782,2.0196330273916963
2023-05-10,72.80407974455092,2.130461808294058,47.89011096954346,55.28959708743625,64.61083309738724,1.9853972653820091,2.0188333367307982,2.06360648241308
2023-05-11,76.98918747901917,2.31503124617868,55.21819443172879,64.9649166001214,70.83832405231617,2.1702638831403522,2.233541093460501,2.2693703649220645
2023-05-12,84.48853303331116,2.3541777042561707,52.95868052376641,67.2882985273997,76.00238599555436,2.115824328886496,2.205882761396211,2.2666805585225425
2023-05-13,43.86688537730111,1.7365208342671394,28.636319345898098,35.63561109701792,39.71435180416814,1.4642328758762306,1.4912986101375685,1.6088433177789785
2023-05-14,53.22203470600976,1.9696597229275439,43.204902701907685,47.17148605982462,49.68073608257152,1.6976438417826614,1.7973055574629042,1.8792857162414058
2023-05-15,96.19459390640259,2.358725693076849,63.568458557128906,73.43193054199219,84.29943988941334,2.0627916571166782,2.1542344825021154,2.239393518478782
2023-05-16,117.64507677819994,2.234173607909017,101.01769468519423,107.21913226445515,111.49970386646412,1.870347221692403,2.0161496611679492,2.1222777758483535
2023-05-17,79.72044444084167,2.4020624976191254,56.49738894568549,67.50352101855808,74.11276866771557,2.0286805546945996,2.1490555529793105,2.277746541708845
2023-05-18,66.20279366820009,2.3117762232993866,55.53970824347602,60.48314674750908,63.546383135786684,2.0854722211758294,2.1642777762479253,2.2350280346157394
2023-05-19,102.35612541291772,2.2144843231925564,60.77841632895999,69.34911082188289,82.73840446028599,1.8349166727728314,1.966229171388679,2.072897678752278
2023-05-20,52.82777774996228,2.1242361068725586,33.71797225210402,37.77092365423838,43.651949096609044,1.7370958801818221,1.8024930506944656,1.9279585236228556
2023-05-21,59.51528811454773,2.023475700368484,45.397236029307045,49.345597161187065,53.438226805792915,1.9349583370818033,1.969707483337039,1.9947050765912104
2023-05-22,96.90686127874586,2.0408402788970204,78.85998651716444,85.46362506018744,91.81106503804524,1.960847212208642,1.9875902715656493,2.0139953914325908
2023-05-23,104.32123608059354,2.1074062498907247,93.39818096160889,97.08048629760742,99.77370837882712,1.9778767170971387,2.0173904169095707,2.0581666667152336
2023-05-24,92.25933326615228,2.221836799962653,62.52293046315511,76.06974294450548,84.68418979644775,2.0060694366693497,2.059993050992489,2.1336898135918156
2023-05-25,81.034305440055,2.158531241118908,65.83409701453314,70.0644096268548,74.92970830422861,2.055452046329028,2.0884236014551587,2.1181573978176824
2023-05-26,90.83009092957823,2.1739755222847412,70.3306663301256,77.59355958525117,84.07934591703325,1.913041666150093,2.0216944441199303,2.1047720959020215
2023-05-27,101.4664307170444,1.9763124965959125,80.4941529168023,90.31401390499539,96.78989353886357,1.8856712334776577,1.9194027756651242,1.9482314763245758
2023-05-28,97.24246169461145,2.092069441659583,87.99654118220012,91.3309372001224,93.58149049900196,1.9135405389038291,1.9387777787115839,2.0115231468721673
2023-05-29,85.36660759978824,2.2041944480604596,62.280194441477455,73.01328470971849,79.85296770378396,2.035611112912496,2.0825208359294467,2.141465443070583
2023-05-30,66.57598948478699,2.2110972251329155,44.439180586073135,54.98116657469008,61.1259675555759,2.0306301427214115,2.0946344942882145,2.1447546355150364
2023-06-01,89.42812515629663,2.20159027684066,73.68733358383179,78.6870071358151,83.42278252707587,1.9533611155218549,2.058606903306369,2.1182824124892554
2023-06-02,79.19177365718403,2.1874669009384795,46.94681946436564,56.07412518395318,66.30692110283431,1.9215342492273408,2.025243061284224,2.091758140852285
2023-06-03,55.80291663938098,2.3144131898880005,38.08245825767517,46.8657568693161,52.00060177732397,2.1344794508529037,2.211729160613484,2.2658571394907163
2023-06-04,75.93736083639993,2.222184033029609,52.28074993027581,60.76545809374915,68.08714788048356,2.0919189163156457,2.125430559118589,2.1678899100067417
2023-06-05,98.60392357243433,2.198361106630829,80.41756921344333,90.27439581023322,94.77647214465671,2.0420000006755195,2.0759659843379947,2.1089305529991784
2023-06-06,97.43806256188287,2.289715278065867,78.42763890160455,87.35776392618816,92.6033056753653,2.101930553714434,2.1648344837386033,2.2167777766784034
2023-06-07,92.55286778344049,2.3153263843721814,70.0544163386027,79.54120111465454,85.89034235918963,2.114944448073705,2.1861666639645896,2.235472214442712
2023-06-08,78.10153819455041,2.2919097253017955,55.92765294180976,64.64917371008131,70.04271763342398,2.056263887219959,2.121753426447307,2.1847870394035622
2023-06-09,72.18229963721299,2.074557488388301,54.98661104838053,60.772194412019516,65.18891628176667,1.8830833302603827,1.9493750010927517,2.003423249998758
2023-06-10,58.73400708701875,2.0105868072973356,41.52719468540616,48.92823623286353,53.78455108183402,1.8277361144622166,1.8955069449212816,1.9500740755487371
2023-06-11,77.77339919408162,2.087364582137929,57.02015262179904,63.77967341740926,71.63462946150038,1.8858904038390067,1.945270827247037,2.0125046223402023
2023-06-12,83.35377428266737,2.4967187485761113,62.39647229512533,71.60977077484131,77.51346294968216,2.263263897763358,2.320268966411722,2.4078333300572856
2023-06-13,87.32271533542209,2.419059026572439,66.8561667336358,77.04162502288818,82.39606952667236,2.2360540435120866,2.2859097205930285,2.332634256945716
2023-06-14,57.070104247993896,2.2124548595812588,35.0434582763248,44.65459718969133,49.988421219366565,2.0253835638908493,2.085763888226615,2.135615739557478
2023-06-15,54.61202088991801,2.1535520835055246,35.930597358279755,44.08849999639723,49.41566670382464,1.9924861225816939,2.0603586262670057,2.103972223069933
2023-06-16,59.59231589467902,1.9910947377221626,47.769763973024155,52.570608379123925,55.56428503767352,1.7881666670242946,1.8792657326985072,1.9283644846666639
2023-06-17,66.33350347148047,2.0419513860510454,41.788583278656006,50.21834715207418,58.52493517487137,1.8688611156410642,1.9312361139390204,1.98142129348384
2023-06-18,59.82755903402964,1.9823923611806498,41.52548593944974,46.456090211868286,53.478226785306575,1.8550138903988733,1.9003472237123384,1.9441369891711022
2023-06-19,72.54146866003673,1.8821562536888652,62.63816658655802,66.26527084244623,69.57394442734895,1.6916249973906412,1.7625069477491908,1.8197037080923717
2023-06-20,91.1735971238878,1.9855625037517812,70.22973590426975,78.43469429016113,85.35000462002225,1.9079305562708113,1.9383561652000636,1.9627181828022002
2023-06-21,62.822819504472946,2.0982673528293767,37.35666669739617,42.66947927739885,52.218888962710345,1.9117972866908923,1.977275854143603,2.0253379538103387
2023-06-22,80.57283323340945,2.0934548638761044,55.62148634592692,62.989618115954926,72.30848151666147,1.9501369864973304,1.987862076430485,2.0261250033422753
2023-06-23,68.75983272837574,2.0861245597384577,43.10809852707554,53.08413477146879,61.304838804272116,1.7665352065798263,1.9286549301214622,2.0117452881246245
2023-06-26,74.67318056689368,2.25104513971342,48.18329175313314,54.03445137871636,61.833504659158216,1.8354246534713328,1.9780277750558324,2.1259259244909994
2023-06-27,76.8173367049959,2.4637708307968245,47.25699991650052,55.62704846594069,66.60126843275847,2.2148611181312137,2.295993104474298,2.359907833661901
2023-06-28,70.6723507112927,1.9103993020123906,52.15231943130493,59.398076083925034,65.74751371807523,1.659263887339168,1.7850748300552368,1.8505733953703434
2023-06-29,69.47251021199756,1.8576006926596165,52.505847215652466,61.86374289459653,65.8368656458678,1.6713972565245956,1.7222638866967626,1.7750138877718538
2023-06-30,61.25806278135718,1.9479547028757553,52.08831940756904,56.243333392673065,58.59776749721793,1.7038767141838596,1.824875861200793,1.8884139515632807
2023-07-01,50.18894091579649,1.8705590239001646,31.428555515077377,38.684694462352326,45.03089813832884,1.6717567540503837,1.703551720750743,1.7592361078218177
2023-07-02,69.03649310933218,2.2338888868689537,44.62890277968513,54.3601735830307,60.77736108391373,1.9805694454246097,2.0397499981853695,2.1159398125277624
2023-07-03,66.71931238969167,1.9811111125681136,54.86180538601346,59.478569481107925,63.217351825148974,1.8072083310948477,1.8651944407158427,1.921055555343628
2023-07-04,67.45823956860437,2.019694444619947,59.99686098098755,62.279659774568344,63.94063432128341,1.900944443212615,1.9400277808308601,1.9777110098698818
2023-07-05,61.64079514476988,2.0000659703380532,42.39143051041497,49.02718036704593,55.59271288801123,1.8681944410006206,1.904229166607062,1.943811060096811
2023-07-06,64.15264933639102,2.230406254529953,49.995277616712784,55.61443040106032,59.63482406404283,2.0668378456218823,2.1147777852084904,2.1757870426884405
2023-07-07,55.22252972034627,2.023191637693797,39.27958348062303,46.78350007534027,51.5126837885657,1.7499588972901645,1.861597217619419,1.9435209268747373
2023-07-08,78.42650021447076,2.004843751589457,57.048889054192436,64.76373630099826,70.961069672196,1.8119861135880153,1.8635972241560619,1.9172258058451288
2023-07-09,80.93929188781314,2.2257187561028533,49.85479164123535,64.80130553245544,74.3602363621747,1.957162165963972,2.035930564834012,2.11896760099464
2023-07-10,69.4114134311676,2.238829866051674,57.71944448682997,64.026930809021,67.00124553397849,2.084093335469564,2.126372419554612,2.1701018578476376
2023-07-11,63.21898278925154,2.064124999774827,51.756319522857666,55.5673958990309,58.66315762201945,1.8867361164755292,1.9540902806652918,2.0017361133186906
2023-07-12,70.74639244874318,2.0203854156037173,62.40980566872491,65.13863205909729,67.86446301142375,1.8131780853010204,1.9064027807778783,1.9649768510350474
2023-07-13,84.05813895331488,1.6869999956753519,73.68747244940863,76.14784728156195,80.2446065125642,1.5551110986206267,1.6077430446942647,1.6501527693536546
2023-07-14,65.26715320494117,1.9596585363461165,40.401833322313095,51.713180515501236,58.66779527885969,1.691527783870697,1.8026111125946045,1.8720000011976374
2023-07-15,73.33209711975522,2.193215279529492,55.06287479400635,61.223895735210846,66.6102914986787,1.9368055545621448,2.0258541661832066,2.1024675926676504
2023-07-16,76.29265279240079,2.0316562491158643,69.58291668362088,72.44240278667874,74.27759721544054,1.879249996609158,1.9108972565768516,1.9534259223275714
2023-07-17,72.108263903194,1.918593750645717,63.88893037372165,66.32296538352966,69.21393986101504,1.8278904140812078,1.8509375030795734,1.8806342587426856
2023-07-18,61.886541552013824,1.9075972230898008,38.658180713653564,43.93520834710863,52.383999789202655,1.7886249985959795,1.8220138880941603,1.8540555547784876
2023-07-19,64.42084732320573,1.9891319481862917,48.81713888380263,52.77531250317892,56.53673615279021,1.7885920985748893,1.8352083298895094,1.9127972367721768
2023-07-20,73.8779234869555,1.924111501680434,57.18250007099576,64.23277101251814,68.70928854831429,1.6367260233996666,1.732124996682008,1.803930230473363
2023-07-22,79.0998089975781,2.1868541716701455,54.55687517589993,65.88495834668477,72.93145827893858,1.967260287232595,2.046701389054457,2.1156313402861495
2023-07-23,67.87715624438391,2.1448368003798857,57.90493048561944,61.541395849651764,64.71002312059755,1.9863055530521605,2.0477448208578704,2.099839441820022
2023-07-24,72.650093515714,2.029517360859447,64.22238853242662,67.13497212198045,69.66593044775503,1.83184931376209,1.9152638912200928,1.9728287050017603
2023-07-25,77.87929275725361,1.9983658508141282,68.43055539660983,71.95838872591655,74.68514416716819,1.7875138918558757,1.8888068971962764,1.944139531601307
2023-07-26,67.51837142308553,1.9511979176766343,57.959138764275444,60.636125034756134,64.22587027373137,1.8081944485505421,1.8632191803357372,1.9018935202448457
2023-07-27,61.511937591764664,1.8777152775890298,56.80429172515869,58.58175698916117,59.92688896037914,1.6895068508304962,1.735159720811579,1.7960277757158987
2023-07-29,64.29522552755144,1.985597223457363,52.67009735107422,57.23761126730177,60.80931011835734,1.8542465706394142,1.8939374999867544,1.9426342640761975
2023-07-30,79.27768389383952,1.9394062496721745,71.09908326466878,73.81581942240398,76.61408321945756,1.8320684988204747,1.8658482806435948,1.8994239645619546
2023-07-31,78.86123947302501,1.8323437488741345,68.57202810711331,72.51586816045973,75.7669259707133,1.7185972117715411,1.7574374982052379,1.7916527765768546
2023-08-01,89.62185408009424,1.9092986087004344,75.30611117680867,81.02715966436598,85.79232404850147,1.7789166569709778,1.812284718785021,1.857027777367168
2023-08-02,85.43569819132487,1.8909479172693358,70.71545844607883,75.92513932122125,79.98204655117459,1.765166665116946,1.812708332306809,1.8538055546857692
2023-08-03,70.63471506701575,1.980861112061474,62.052861054738365,65.36498618125916,67.88868044040821,1.8464305516746309,1.884388884736432,1.9239120367500517
2023-08-04,65.05075610223963,1.9352926821658836,47.91824992497762,56.23546531465318,60.86559536956077,1.6074109600014883,1.7665753446213186,1.8466744206672492
2023-08-05,55.83805555105209,1.8697395821412404,38.95162484380934,44.75974293549856,49.37642589321843,1.722458337744077,1.7611388911803563,1.803870372198246
2023-08-06,53.3814617395401,1.914968754268355,36.21747202343411,39.27979858716329,46.20996748959577,1.6817534280149904,1.7389178104596594,1.8128796335723665
2023-08-07,83.18675010734134,2.415892355971866,46.55650022294786,59.1949098110199,71.99213428850527,2.208652761247423,2.262888883550962,2.336509254243639
2023-08-10,74.8817223045561,2.0102569489843316,66.5484864446852,69.69201397895813,72.18591674168904,1.9111917802732286,1.942137934421671,1.9674907442596223
2023-08-11,77.98734478834199,1.837919865335737,68.04704162809584,71.54753459824457,74.78431604074878,1.7024736890667362,1.7632430609729555,1.7993009322219424
2023-08-15,48.66648264063729,2.0284166700310178,36.59244418144226,40.28277766704559,44.54647215207418,1.663270270502245,1.7512222222155995,1.8715046335149694
2023-08-17,79.70891204350431,1.9504929566887064,66.09307060778981,70.05897884637537,73.70639913854464,1.7704583323664136,1.8221690125868355,1.877150229445086
2023-08-18,82.0399304233777,2.0527804861500702,52.25768028365241,63.53750002384186,74.25753497633823,1.780863010720031,1.863187499344349,1.9454325553982756
2023-08-21,92.1613367928399,2.2644027753008737,63.35295836130778,75.90610392888387,84.62165263847068,1.955287659004943,2.0412499921189413,2.126428564572664
2023-08-22,103.79782304498885,2.2351736194557614,76.87552785873413,88.28133347299364,96.18994930055406,1.9031917754917929,1.999312503470315,2.090240748944106
2023-08-23,93.34937490357294,2.274052091770702,73.57091659969754,79.41497908698187,86.04908780698423,2.0948378492046045,2.135659732752376,2.1866990835578353
2023-08-24,80.96695840358734,2.1007256959047584,59.093513859642876,65.04781953493755,69.53899992836847,1.934849309594664,1.9778068945325653,2.0155416666357606
2023-08-25,89.25142849779296,2.242564460957092,62.885236183802284,73.92597202459972,80.49061846178631,1.8056805580854416,2.0130000040448945,2.12574074169
2023-08-26,62.180104070239594,2.251166668203142,38.56241660647922,46.551249980926514,52.8021758750633,1.9720555577013228,2.0642671193162054,2.165539170190486
2023-08-27,75.7305519051022,2.1939826413161225,56.38438865873549,60.3296734491984,67.08943034984448,1.9898630184670016,2.0252152788970204,2.0739768517238124
2023-08-28,64.53734030988481,2.4624201473262577,45.52738889058431,52.808069467544556,59.10342599727489,2.315616437833603,2.3741780927736467,2.4187268603731087
2023-08-29,55.66527095768187,2.275791665746106,33.94483335812887,43.03377083937327,49.77702779240079,1.9734520585569617,2.0821875002649097,2.1886342609370195
2023-09-01,87.72435188958039,2.1564634107961886,69.92730575137668,76.25316672854953,82.43245583467706,1.927111104130745,2.043027774327331,2.1070697667986846
2023-09-02,94.16182290183173,2.1209166683256626,83.13840272691515,87.40070830451117,91.06163883209229,2.0056891972954207,2.038972226281961,2.069486114161986
2023-09-03,108.87368404865265,2.105090279546049,98.93927801979913,103.0864376227061,105.95188891446149,1.9755972226460774,2.015090278453297,2.0468564839274794
2023-09-04,75.14886791176266,2.2853159635431237,55.05837493472629,59.787979152467514,67.6386340989007,2.0238749898142285,2.147326375875208,2.217740730554969
2023-09-05,54.30472575293647,2.31325347100695,35.65240298377143,43.004861169391205,47.02572693648162,2.0353013701634866,2.119236114124457,2.1858518526509956
2023-09-06,148.34978091716766,2.6062256938053503,86.70162449942694,110.10795103179083,128.7852357758416,2.066500003139178,2.2945416677329273,2.4550046297135175
2023-09-07,92.87289565139346,2.6415000011523566,63.31356922785441,75.87881218062506,82.80217564547503,2.2923611071374683,2.4067291683620877,2.5259351862801447
2023-09-08,83.8984748648225,2.37896044048474,54.96771430969238,67.41284193409433,76.47058672171373,2.0357571601867677,2.164877711440162,2.2709327042102814
2023-09-09,68.834923406442,2.4160590341521635,47.12887501716614,58.26163171397315,64.11813874597902,2.136361123787032,2.216590287784735,2.3056481552344783
2023-09-10,73.2709166208903,2.022052084406217,63.970305336846245,68.25752766927083,70.90412026864512,1.8783611059188843,1.929986205594293,1.9702350247290827
2023-09-11,77.00759730074141,2.105416669199864,57.165472189585365,65.7660416232215,71.6097130422239,1.9947638892465167,2.028444444967641,2.056870373862761
2023-09-12,77.26598218461157,2.160482391085423,50.19866164301483,60.66834479318538,69.08332369808859,1.933277780810992,2.0020279725948416,2.0682676045547628
2023-09-13,71.49318739440706,2.1799861076805325,51.59226377805074,60.31899970107608,66.23583298259311,1.994493154630269,2.043437492516306,2.0993225761272942
2023-09-14,74.81000366475847,1.9433680582377646,63.728416707780625,66.90934024916754,71.48967144224379,1.8247066736221313,1.8575479469887197,1.8925787055933918
2023-09-15,82.47522286670964,1.9639268340964766,74.55156910419464,77.83250676923328,80.0443487522214,1.8005277812480927,1.877652780049377,1.919990699790245
2023-09-16,99.09896531369951,1.9166319448914793,81.3248200416565,87.78746565183003,94.19013904642176,1.79262499180105,1.8210551697632362,1.8616296279209632
2023-09-17,84.09236114554935,2.1463993071681924,65.45272228452895,70.14829855495029,76.06731013898496,2.016152787539694,2.054340278936757,2.0938472234540515
2023-09-18,56.05520481533475,2.22671180880732,44.746249993642174,48.00118764241537,51.694176002785014,2.1175342487962276,2.157541665765974,2.1911018501829216
2023-09-19,73.43755192226834,2.1717534657153816,56.01904164420234,61.541034592522514,67.70928220395689,1.9595138877630234,2.031395831869708,2.1069259207557747
2023-09-20,88.34632982148065,2.193572911537356,81.76868014865451,84.38352759679158,86.32197217588072,2.0584861089785895,2.1127602735610855,2.1493796281240605
2023-09-21,73.3201772901747,2.2159479272862277,60.07698631286621,64.28509055243597,69.30602801287615,2.096055562297503,2.1502365026925063,2.1802963079125792
2023-09-22,68.13866229173614,2.128891993067406,58.395930767059326,62.236534939871895,64.77367942277775,1.9010416666666667,2.0164375056823096,2.0820730657882343
2023-09-23,72.53537842962477,2.0845104083418846,51.26798624462552,59.46415980656942,66.39958328670926,1.9473333292537265,2.002027768227789,2.0441388796876976
2023-09-24,54.462135434150696,2.0691840243008404,46.319430669148765,47.985944483015274,50.34456943582605,1.8875833286179438,1.9353333297703001,2.0042268490349806
2023-09-25,53.08790973160002,1.983062494546175,39.47486106554667,44.95087492465973,48.99665273560418,1.7655694435040157,1.8318402792016666,1.9081527750801157
2023-09-26,51.72871523433261,2.035246526201566,36.29152780108981,43.364062468210854,48.14293515240705,1.913499997721778,1.961627586956682,1.9953456166702481
2023-09-27,62.803704818089805,2.1245243036084704,53.83763859007094,56.37120125028822,58.33361565625226,2.011208345492681,2.042889660802381,2.081622118224746
2023-09-28,80.5700449678633,2.2664791664315596,65.9433609644572,73.24413188298543,76.7408007869014,2.1398356075156224,2.182791662712892,2.2203055526371354
2023-09-29,88.63921967616065,2.273463414936531,62.06666670905219,73.7607291009691,81.31042799838754,2.0491666711039014,2.122777782380581,2.1947674413060034
2023-09-30,83.55447220802307,2.098180560188161,70.56019443935818,76.16584730148315,80.24185191260443,1.9886944542328517,2.0309594571590424,2.0616805614144713
2023-10-01,96.0014164712694,2.009010415110323,86.29234737820096,89.5530554983351,92.26840262942844,1.836123286861263,1.8665902747048273,1.9241898092958662
2023-10-02,100.49645102440894,2.1503007028486345,83.42687479654948,88.8424335293003,94.31622892005421,1.9516986314564535,1.9973426532078455,2.0574532724986567
2023-10-03,89.99807651837666,2.074378475960758,72.02708350287543,78.56960434383817,84.4679353148849,1.885458333624734,1.9807586234191368,2.0299490795091346
2023-10-04,77.91799999607935,2.130309028344022,57.568000104692246,65.89676388104756,72.40624539057414,1.9643750041723251,2.014458334280385,2.062449077213252
2023-10-06,47.93683963868676,1.7917491276505102,40.67544436454773,43.16392356819577,45.16686501613883,1.6009166654613283,1.6826438324092186,1.7464861113716055
2023-10-07,38.81780556175444,1.8429236159556441,28.306152900060017,32.555465287632416,35.85830099494369,1.6919444501399994,1.754861117237144,1.8041428629703786
2023-10-11,62.786355287771194,2.138216029060842,54.16822205649482,57.24684712621901,59.45226504303688,2.015698630515843,2.070363012895192,2.1016372120657634
2023-10-12,76.60985371127776,2.213177702568134,62.04824998643663,68.10711807674832,72.18825130019077,1.9625833464993372,2.0564583424064846,2.122618610914363
2023-10-13,37.22208682696024,1.978243055442969,23.66236114501953,27.403972254859077,31.599583360883926,1.6553750054703817,1.7442638907167647,1.8384629642521892
2023-10-14,45.26952080594169,2.447243054293924,37.79099986288283,39.97981244987912,42.13016205363803,2.280652776360512,2.3541931012581134,2.4062488458123625
2023-10-15,53.760753406418694,2.417531250251664,34.04863892661201,41.43834024005466,47.103763774589254,2.2516666650772095,2.322319441371494,2.370754628269761
2023-10-16,40.85135765208138,2.337663199752569,29.09047222137451,31.849361062049866,34.99544902201052,2.037458355228106,2.1362916802366576,2.247180563984094
2023-10-20,42.645971916278484,1.7814076640464702,30.003916634453667,34.33854863378737,36.8079953215843,1.6598493154734781,1.6979724094785493,1.7235488342684369
2023-10-21,53.074295024077095,1.9765381953782506,41.58780529763963,46.42684702078501,49.91674985709014,1.8502567507125236,1.8810206840778219,1.9208801869423158
2023-10-22,72.69406236542596,1.9296979159116745,58.00779173109267,61.37850687238905,67.16014342837863,1.8218630160370919,1.8494137928403658,1.8814583343488198
2023-10-23,73.87281931771173,2.1414652748240366,52.30169444613986,56.58622217178345,64.6268933614095,1.8891666680574417,1.9809722221559949,2.0662638865135334
2023-10-24,62.441079669528534,2.1918680580953755,44.55702749888102,51.093194272783066,56.1355507462113,1.946138886941804,2.0469861187868648,2.110009263511057
2023-10-25,65.00433333714803,2.0614062485595546,42.056389013926186,52.73166682985094,59.33459264260751,1.8244027776850595,1.9255000030001004,1.9816111110978656
2023-10-26,55.33759028381772,1.9829340233571,44.75920820236206,48.50751381450229,51.7851712792008,1.7984520556175545,1.858159722553359,1.918893513304216
2023-10-27,55.05396173723068,2.4091707335116554,39.65044434865316,44.95636113484701,48.68188836740893,1.925916666785876,2.18414583719439,2.3098018449572373
2023-10-28,61.16281255086263,2.4444305557343693,46.468930668301056,50.76655560069614,54.79174546842222,2.3242567487665124,2.363531030457595,2.3978564816492574
2023-10-29,85.4185277223587,2.5113576369153128,62.61541668574015,69.74611099561055,77.06205080173633,2.1514861153231726,2.303236111998558,2.4100322580557263
2023-10-30,54.15124645498064,2.621461799575223,38.81191656324599,43.429305500454376,48.31212958583125,2.4422500001059637,2.5189791636334524,2.5671620302730136
2023-10-31,34.21467012166977,2.0646250028577118,27.19600001970927,29.43686110443539,31.862370358573067,1.906164379969035,1.9555694436033566,2.0144074068025306
2023-11-01,38.388510412640045,1.9005277823242877,32.91890266206529,34.56734010908339,35.90919438114873,1.7914166632625792,1.8243611090713077,1.8565046312632385
2023-11-02,62.03517701890733,2.0275798609687223,52.18241680992974,56.1621806356642,59.18218987076371,1.9240909025266573,1.9391793061947,1.967142854967425
2023-11-03,60.3719615338156,2.109602782784439,45.35205549663968,51.99613197644552,56.8082278584325,1.8853972529711789,1.9609097176127963,2.03184185582538
2023-11-04,81.57075357437134,1.956704860760106,70.94833342234294,75.02041678958469,78.51436120492441,1.8355068572579998,1.8787222247984674,1.9119537042246924
2023-11-05,80.19937855667538,2.027118050803741,65.78554179933336,71.48992382155524,75.5739584852148,1.8939583284987345,1.9332222168644269,1.9817557538159982
2023-11-06,57.560343669520485,2.2419270782007112,51.92999974886576,53.922749903466965,55.404291532657766,2.099638875987795,2.14326387974951,2.19238888113587
2023-11-07,57.98712231562688,2.0394510518420828,44.573638916015625,48.913664330969326,53.19539715419306,1.8951805548535452,1.9604405648224836,2.002401870544826
2023-11-08,69.568635377619,2.063569442679485,44.05229168468051,49.32596525881026,57.97293527921041,1.9240694493055344,1.9918055559198062,2.024128438682731
2023-11-09,32.64954696548941,2.076588851234223,27.13872226079305,28.434895899560715,29.55925589273142,1.8376250051789813,1.940201389292876,2.0081023255059884
2023-11-10,34.393687546253204,1.9202638864517212,23.760902722676594,28.160243100590176,31.59269443264714,1.7754933245976765,1.8129034436982254,1.854833330269213
2023-11-11,49.93567705154419,1.9849930542210739,42.76959700054593,45.320729123221504,47.580967585245766,1.7946666677792866,1.8906758629042526,1.938291668340012
2023-11-12,61.533239510324265,1.9656909770435758,47.79258341259427,53.14704860581292,57.985939785286234,1.8651805536614523,1.8945517260452798,1.924953704630887
2023-11-13,69.10813540882535,2.054840280363957,46.07800006866455,56.80383316675822,64.0530509242305,1.869402791062991,1.9225625072916348,1.967037038118751
2023-11-14,59.232979244656036,2.19527083925075,52.95695818795098,54.2716596921285,56.06897228735465,2.0718472285403147,2.1169383697313804,2.149032417822767
2023-11-15,63.685114688343475,2.1713576374782457,55.19301409191556,57.78693074650235,59.80864819773921,2.109067562464121,2.1236597183677883,2.1416313362561064
2023-11-16,74.61279171042972,2.307916667726305,64.23188903596666,67.77696527375116,71.18521762777257,2.172698628412534,2.2113263888491526,2.259866357399022
2023-11-17,49.02704533301164,2.16519512199774,26.632222149107193,33.21129159132639,40.5867161684258,1.8126111096805997,1.9867397220167395,2.084023256080095
2023-11-18,41.57853475544188,2.069861111127668,33.1914861732059,36.208277848031784,38.722504677595914,1.9525479437553719,1.9956180594033666,2.029788020019707
2023-11-19,82.37425722016229,1.9588437490165234,58.5020694732666,69.41720136006673,77.12731502674244,1.7897361069917679,1.8609374976820416,1.91458333476826
2023-11-20,72.72140267160204,1.8687881947391562,65.10249985588922,67.97208325068156,69.91866645106563,1.7384189238419403,1.7624027762148116,1.8078796278547358
2023-11-21,49.04795140028,1.8693159748282697,18.198611074023777,20.35018053319719,32.724699082197965,1.705958902019344,1.7460068974001655,1.8080138900765665
2023-11-22,36.58042016294267,1.7759444436265364,29.049860954284668,32.16242363717821,34.21438890033298,1.622424654764672,1.6618402757578425,1.71629492972853
2023-11-23,51.03099988566505,1.9216145827538438,46.98406929439969,48.09228467941284,49.13809251785278,1.840763881802559,1.8717847185002432,1.8974239589981219
2023-11-24,51.01695477422521,1.9815992993344829,38.32097233666314,44.78903481695387,48.42898612798646,1.782138877444797,1.8759166581763163,1.93456743595212
2023-11-25,65.36083696948157,1.9370486074023776,54.103805753919815,55.165472242567276,59.37859734782466,1.8009864865122616,1.8694966407430251,1.9007788001117618
2023-11-26,49.739076382584045,2.0047708319293127,26.65411114692688,30.30590283870697,39.15199538513466,1.7364861120780308,1.7934097250302632,1.899912033919935
2023-11-27,42.24014938539929,1.9067395863433678,30.43919454680549,36.110541727807785,39.34340746314437,1.7750277784135606,1.7939305553833644,1.850467594133483
2023-11-28,52.62091309494443,2.0030624998940363,36.479319625430634,42.70329870118035,48.53404163431238,1.8873888866768942,1.9122986065016851,1.9471574083522514
2023-11-29,49.97670487562815,2.0397256910800934,40.36411105261909,43.34559718767802,46.72478704099302,1.9067777776055865,1.9369791663355298,1.9926100859948255
2023-11-30,81.58478462696075,1.9887777802844842,60.60981935924954,67.82628443506029,73.54113873729,1.7552500002914004,1.8662986167603068,1.9376712965744514
2023-12-01,90.71881852498869,2.0935121986508785,76.43181904157002,83.70640954706404,87.18388358714968,1.923416664203008,2.006208328737153,2.0463348832241324
2023-12-02,100.86434059672885,2.298392371998893,71.47240299648709,82.05731275346544,92.88422715222394,2.0188750127951303,2.0964652912484274,2.1921574164319924
2023-12-03,45.504027876589035,2.2311805561184883,21.39466667175293,27.258368055025738,35.24194914323312,1.751164382451201,1.898124994503127,2.095504629391211
2023-12-04,29.861708343029022,1.6666284770601325,24.210652775234646,26.25886807176802,28.027342628549647,1.5313287728453335,1.5667916710178058,1.6206055097623702
2023-12-05,31.543250030941433,1.7438541679746575,21.618972274992203,25.255277792612713,28.626995386900724,1.6481527768903308,1.6825034511500392,1.710472223383409
2023-12-06,39.41103477610482,1.9256111081275675,32.96802772416009,34.40425005224016,36.01279166009691,1.8015479486282557,1.8395277766717806,1.8778518510085564
2023-12-07,70.07662145296733,2.01269791689184,54.75074990590414,62.18661096360948,66.26841195424397,1.8929027716318767,1.9358472211493387,1.972981482744217
2023-12-08,69.0982335851583,2.095919863272212,35.049972216288246,50.959111266665985,60.35085140494413,1.8729166703091726,1.967472227083312,2.036758142293886
2023-12-09,27.25581943657663,1.902538196908103,17.230833225780064,20.113465276029373,24.2123842548441,1.7069599962234496,1.7596620691233669,1.8310787037566856
2023-12-10,25.50784030887816,1.8152013909485605,21.37479172812568,22.409833391507465,23.257263943001075,1.6771527826786041,1.7295833362473383,1.7628981515213296
2023-12-11,37.073777662383186,1.8602048630515735,27.796749989191692,31.24965278307597,34.09230083889432,1.8084520591448432,1.8314304604435598,1.8428148147132661
2023-12-12,55.399614599015976,1.9277048640780978,41.358763959672714,46.85526386896769,51.858263898778844,1.855833340022299,1.8765890459491783,1.893657409482532
2023-12-13,81.66832305325403,1.9290555574827724,69.06875001059637,74.43172234959073,78.21588447358873,1.8272027018907908,1.8594551727689546,1.8869446982985818
2023-12-14,81.94093729477726,1.9384529640450294,62.90133306715224,72.69652785195245,78.19971618652343,1.7091805653439627,1.7971931071117007,1.8585209336391715
2023-12-15,91.68428128295474,1.8863402762346797,81.0093748834398,85.40656940142314,88.6419768333435,1.7112361126475863,1.7825694415304396,1.827317971238343
2023-12-16,59.36159377627902,2.1175555595093303,26.53577772776286,34.13317370414734,46.85778702629937,1.934972228275405,1.9832500020662944,2.0395138959089913
2023-12-17,48.150447991159226,1.9415833353996277,37.63820844226413,41.15197229385376,45.02087510073626,1.8469863003247404,1.8743194457557466,1.9005231515124992
2023-12-18,30.67819099293815,2.0143854200012155,20.895083241992527,24.228291604253982,28.20416209432814,1.7455138895246718,1.8636944451265864,1.928453705377049
2023-12-19,38.676611092355515,1.9770173620846536,31.222180525461834,32.5455277495914,34.17623149024116,1.891630131904393,1.929895832306809,1.9570091733145059
2023-12-20,75.61259702841441,1.9920347266727023,65.15794388453166,68.58215928077698,71.46250896100645,1.9034594667924416,1.9215793141003312,1.9465185238255396
2023-12-21,80.95547933048672,2.015291671786043,72.26795842912462,74.98509730233087,78.04805109235976,1.8984305593702528,1.9410208364327748,1.9707222282886505
2023-12-22,83.20481505093875,2.221916078270732,61.425528128941856,71.09546902796605,76.71301912147308,1.9567222115066316,2.0661538422524512,2.1311588727425193
2023-12-23,90.06161459287007,2.1169305584496922,71.02554162343343,77.66244427363078,83.6281711437084,1.9798783708263088,2.0171388934055963,2.0594101369655626
2023-12-24,47.406572944588135,1.991305560287502,26.48097210460239,30.61269435617659,37.21821291358383,1.749180555343628,1.8440620726552504,1.9220737361688218
2023-12-25,39.83287491401037,2.180770826008585,30.826388756434124,34.297840264108444,37.211305503492,2.001178068657444,2.0666874945163727,2.1208202674092234
2023-12-26,36.9018924302525,2.108197917954789,27.67051389482286,30.275499992900425,33.74167139441879,1.6934583336114883,1.786597220434083,1.9532777771905616
2023-12-27,54.69146172205607,2.6447777756386333,43.4893471399943,47.95767357614305,51.2886943993745,2.4880277779367237,2.5587152772479587,2.604499995161634
2023-12-28,60.292892350090874,2.463996527095636,49.486583444807266,53.64975696139865,56.75823607268157,2.323277771472931,2.3812152726782694,2.4257638884915247
2023-12-29,40.638250836096574,2.07134494590427,29.138555738661026,34.95152089330885,37.787692988196085,1.7607631526495282,1.8502013840609126,1.9385209277618762
